,GAME_ID,TEAM,TEAM_ABB,PERIOD,TIME,MIN,SEC,ELAPSED TIME
0,0022000002,LA Clippers,LAC,3,4:49,4,49,31.183333333333334
1,0022000001,Brooklyn Nets,BKN,1,10:49,10,49,1.1833333333333333
2,0022000013,Philadelphia 76ers,PHI,4,1:09,1,9,46.85
3,0022000015,Atlanta Hawks,ATL,1,9:52,9,52,2.1333333333333333
4,0022000004,Phoenix Suns,PHX,4,1:44,1,44,46.266666666666666
5,0022000003,Boston Celtics,BOS,4,0:01,0,1,47.983333333333334
6,0022000012,Orlando Magic,ORL,4,3:46,3,46,44.233333333333334
7,0022000010,Cleveland Cavaliers,CLE,1,10:08,10,8,1.8666666666666667
8,0022000020,Utah Jazz,UTA,1,4:00,4,0,8.0
9,0022000011,Indiana Pacers,IND,3,5:49,5,49,30.183333333333334
10,0022000019,Sacramento Kings,SAC,5,0:00,0,0,73.0
11,0022000018,Minnesota Timberwolves,MIN,4,2:05,2,5,45.916666666666664
12,0022000014,New Orleans Pelicans,NOP,3,3:53,3,53,32.11666666666667
13,0022000017,San Antonio Spurs,SAS,2,9:30,9,30,14.5
14,0022000008,Los Angeles Lakers,LAL,1,3:22,3,22,8.633333333333333
15,0022000007,Brooklyn Nets,BKN,3,8:50,8,50,27.166666666666668
16,0022000005,Miami Heat,MIA,1,0:23,0,23,11.616666666666667
17,0022000006,Milwaukee Bucks,MIL,1,8:51,8,51,3.15
18,0022000009,LA Clippers,LAC,1,6:15,6,15,5.75
19,0022000027,San Antonio Spurs,SAS,4,0:29,0,29,47.516666666666666
20,0022000026,Indiana Pacers,IND,2,7:55,7,55,16.083333333333332
21,0022000025,Philadelphia 76ers,PHI,2,4:17,4,17,19.716666666666665
22,0022000023,Cleveland Cavaliers,CLE,6,4:01,4,1,73.98333333333333
23,0022000029,Portland Trail Blazers,POR,5,0:06,0,6,72.9
24,0022000028,Minnesota Timberwolves,MIN,1,5:06,5,6,6.9
25,0022000030,Sacramento Kings,SAC,3,0:51,0,51,35.15
26,0022000024,Orlando Magic,ORL,4,8:17,8,17,39.71666666666667
27,0022000022,Oklahoma City Thunder,OKC,4,0:01,0,1,47.983333333333334
28,0022000021,Atlanta Hawks,ATL,4,4:48,4,48,43.2
29,0022000040,Los Angeles Lakers,LAL,1,11:36,11,36,0.4
30,0022000038,Golden State Warriors,GSW,4,0:02,0,2,47.96666666666667
31,0022000036,New York Knicks,NYK,1,2:16,2,16,9.733333333333333
32,0022000031,Dallas Mavericks,DAL,1,10:26,10,26,1.5666666666666667
33,0022000035,Cleveland Cavaliers,CLE,1,1:44,1,44,10.266666666666667
34,0022000037,Indiana Pacers,IND,4,0:08,0,8,47.86666666666667
35,0022000039,Phoenix Suns,PHX,3,3:49,3,49,32.18333333333333
36,0022000032,Charlotte Hornets,CHA,3,2:35,2,35,33.416666666666664
37,0022000033,Orlando Magic,ORL,4,0:25,0,25,47.583333333333336
38,0022000034,New Orleans Pelicans,NOP,4,3:06,3,6,44.9
39,0022000045,Portland Trail Blazers,POR,4,5:15,5,15,42.75
40,0022000042,Memphis Grizzlies,MEM,5,0:38,0,38,72.36666666666666
41,0022000041,Atlanta Hawks,ATL,1,7:35,7,35,4.416666666666667
42,0022000044,Denver Nuggets,DEN,1,2:46,2,46,9.233333333333333
43,0022000043,Utah Jazz,UTA,4,0:07,0,7,47.88333333333333
44,0022000049,Philadelphia 76ers,PHI,4,3:01,3,1,44.983333333333334
45,0022000053,Phoenix Suns,PHX,1,0:00,0,0,12.0
46,0022000054,LA Clippers,LAC,2,9:11,9,11,14.816666666666666
47,0022000046,New York Knicks,NYK,2,2:45,2,45,21.25
48,0022000051,Milwaukee Bucks,MIL,1,11:44,11,44,0.2666666666666667
49,0022000047,Golden State Warriors,GSW,4,7:15,7,15,40.75
50,0022000048,Boston Celtics,BOS,4,6:28,6,28,41.53333333333333
51,0022000055,Sacramento Kings,SAC,4,7:11,7,11,40.81666666666667
52,0022000050,Chicago Bulls,CHI,2,4:01,4,1,19.983333333333334
53,0022000052,Orlando Magic,ORL,4,11:21,11,21,36.65
54,0022000060,Los Angeles Lakers,LAL,1,5:11,5,11,6.816666666666666
55,0022000057,Brooklyn Nets,BKN,4,6:27,6,27,41.55
56,0022000056,Boston Celtics,BOS,1,9:21,9,21,2.65
57,0022000061,LA Clippers,LAC,1,7:41,7,41,4.316666666666666
58,0022000058,Miami Heat,MIA,4,9:04,9,4,38.93333333333333
59,0022000059,Charlotte Hornets,CHA,1,1:20,1,20,10.666666666666666
60,0022000064,Philadelphia 76ers,PHI,1,8:07,8,7,3.8833333333333333
61,0022000065,Houston Rockets,HOU,4,3:05,3,5,44.916666666666664
62,0022000068,Phoenix Suns,PHX,2,10:46,10,46,13.233333333333333
63,0022000062,Indiana Pacers,IND,1,6:46,6,46,5.233333333333333
64,0022000066,Toronto Raptors,TOR,3,4:18,4,18,31.7
65,0022000063,Chicago Bulls,CHI,4,1:01,1,1,46.983333333333334
66,0022000067,New Orleans Pelicans,NOP,2,10:39,10,39,13.35
67,0022000078,Portland Trail Blazers,POR,1,9:29,9,29,2.5166666666666666
68,0022000075,Los Angeles Lakers,LAL,4,0:53,0,53,47.11666666666667
69,0022000072,Atlanta Hawks,ATL,1,10:19,10,19,1.6833333333333333
70,0022000070,Detroit Pistons,DET,4,1:20,1,20,46.666666666666664
71,0022000077,Utah Jazz,UTA,1,3:44,3,44,8.266666666666667
72,0022000073,Milwaukee Bucks,MIL,1,9:39,9,39,2.35
73,0022000071,Dallas Mavericks,DAL,1,4:31,4,31,7.483333333333333
74,0022000076,Phoenix Suns,PHX,4,2:21,2,21,45.65
75,0022000074,Washington Wizards,WAS,1,11:47,11,47,0.21666666666666667
76,0022000069,Memphis Grizzlies,MEM,1,7:31,7,31,4.483333333333333
77,0022000082,Philadelphia 76ers,PHI,1,9:22,9,22,2.6333333333333333
78,0022000081,Oklahoma City Thunder,OKC,4,11:05,11,5,36.916666666666664
79,0022000079,Houston Rockets,HOU,3,11:47,11,47,24.216666666666665
80,0022000080,New York Knicks,NYK,4,3:23,3,23,44.61666666666667
81,0022000083,Cleveland Cavaliers,CLE,4,0:27,0,27,47.55
82,0022000084,New Orleans Pelicans,NOP,4,0:42,0,42,47.3
83,0022000092,Golden State Warriors,GSW,2,9:06,9,6,14.9
84,0022000089,Utah Jazz,UTA,1,10:43,10,43,1.2833333333333332
85,0022000090,Chicago Bulls,CHI,3,0:51,0,51,35.15
86,0022000091,LA Clippers,LAC,1,9:05,9,5,2.9166666666666665
87,0022000086,Washington Wizards,WAS,4,0:14,0,14,47.766666666666666
88,0022000085,Boston Celtics,BOS,4,0:02,0,2,47.96666666666667
89,0022000088,Denver Nuggets,DEN,4,9:55,9,55,38.083333333333336
90,0022000087,Los Angeles Lakers,LAL,3,0:11,0,11,35.81666666666667
91,0022000094,Philadelphia 76ers,PHI,2,5:35,5,35,18.416666666666668
92,0022000101,Golden State Warriors,GSW,1,11:25,11,25,0.5833333333333333
93,0022000093,Orlando Magic,ORL,3,9:20,9,20,26.666666666666668
94,0022000098,Dallas Mavericks,DAL,4,9:38,9,38,38.36666666666667
95,0022000096,Miami Heat,MIA,2,10:47,10,47,13.216666666666667
96,0022000099,Milwaukee Bucks,MIL,1,6:46,6,46,5.233333333333333
97,0022000095,New York Knicks,NYK,4,3:52,3,52,44.13333333333333
98,0022000097,Boston Celtics,BOS,2,4:16,4,16,19.733333333333334
99,0022000100,Indiana Pacers,IND,5,0:03,0,3,72.95
100,0022000102,Brooklyn Nets,BKN,1,10:50,10,50,1.1666666666666665
101,0022000105,San Antonio Spurs,SAS,4,11:28,11,28,36.53333333333333
102,0022000106,Chicago Bulls,CHI,4,3:34,3,34,44.43333333333333
103,0022000104,Denver Nuggets,DEN,4,8:21,8,21,39.65
104,0022000103,Los Angeles Lakers,LAL,4,4:22,4,22,43.63333333333333
105,0022000109,Philadelphia 76ers,PHI,4,3:16,3,16,44.733333333333334
106,0022000116,LA Clippers,LAC,4,4:58,4,58,43.03333333333333
107,0022000112,New York Knicks,NYK,4,4:16,4,16,43.733333333333334
108,0022000115,Phoenix Suns,PHX,3,10:19,10,19,25.683333333333334
109,0022000108,Orlando Magic,ORL,2,7:21,7,21,16.65
110,0022000111,Boston Celtics,BOS,4,0:00,0,0,48.0
111,0022000113,Milwaukee Bucks,MIL,1,11:33,11,33,0.44999999999999996
112,0022000107,Indiana Pacers,IND,4,2:22,2,22,45.63333333333333
113,0022000110,Charlotte Hornets,CHA,4,4:34,4,34,43.43333333333333
114,0022000117,Sacramento Kings,SAC,4,4:43,4,43,43.28333333333333
115,0022000114,Oklahoma City Thunder,OKC,4,0:12,0,12,47.8
116,0022000121,San Antonio Spurs,SAS,3,0:34,0,34,35.43333333333333
117,0022000118,Brooklyn Nets,BKN,2,6:15,6,15,17.75
118,0022000122,Portland Trail Blazers,POR,2,11:20,11,20,12.666666666666666
119,0022000120,Dallas Mavericks,DAL,5,1:57,1,57,71.05
120,0022000119,Cleveland Cavaliers,CLE,4,2:27,2,27,45.55
121,0022000130,Golden State Warriors,GSW,4,5:46,5,46,42.233333333333334
122,0022000131,Los Angeles Lakers,LAL,3,1:04,1,4,34.93333333333333
123,0022000125,Oklahoma City Thunder,OKC,3,5:05,5,5,30.916666666666668
124,0022000124,Boston Celtics,BOS,1,6:21,6,21,5.65
125,0022000127,Houston Rockets,HOU,1,5:48,5,48,6.2
126,0022000123,Detroit Pistons,DET,5,4:42,4,42,68.3
127,0022000129,Utah Jazz,UTA,2,5:57,5,57,18.05
128,0022000132,Toronto Raptors,TOR,3,8:38,8,38,27.366666666666667
129,0022000128,Memphis Grizzlies,MEM,4,3:30,3,30,44.5
130,0022000126,Charlotte Hornets,CHA,4,4:13,4,13,43.78333333333333
131,0022000133,Denver Nuggets,DEN,2,3:39,3,39,20.35
132,0022000137,Milwaukee Bucks,MIL,2,3:03,3,3,20.95
133,0022000135,Phoenix Suns,PHX,2,1:57,1,57,22.05
134,0022000139,Dallas Mavericks,DAL,3,4:11,4,11,31.816666666666666
135,0022000140,Portland Trail Blazers,POR,1,8:51,8,51,3.15
136,0022000138,San Antonio Spurs,SAS,5,4:22,4,22,68.63333333333334
137,0022000134,Charlotte Hornets,CHA,2,4:09,4,9,19.85
138,0022000136,Miami Heat,MIA,2,4:54,4,54,19.1
139,0022000148,Golden State Warriors,GSW,4,0:04,0,4,47.93333333333333
140,0022000144,Denver Nuggets,DEN,1,4:09,4,9,7.85
141,0022000143,Oklahoma City Thunder,OKC,3,4:18,4,18,31.7
142,0022000142,LA Clippers,LAC,4,2:30,2,30,45.5
143,0022000146,Los Angeles Lakers,LAL,1,9:06,9,6,2.9
144,0022000141,Utah Jazz,UTA,1,11:25,11,25,0.5833333333333333
145,0022000147,Minnesota Timberwolves,MIN,4,4:08,4,8,43.86666666666667
146,0022000155,Portland Trail Blazers,POR,4,0:09,0,9,47.85
147,0022000156,Sacramento Kings,SAC,4,1:45,1,45,46.25
148,0022000151,Milwaukee Bucks,MIL,2,8:54,8,54,15.1
149,0022000150,Memphis Grizzlies,MEM,4,4:44,4,44,43.266666666666666
150,0022000153,Atlanta Hawks,ATL,2,8:59,8,59,15.016666666666667
151,0022000149,Charlotte Hornets,CHA,2,6:12,6,12,17.8
152,0022000152,Washington Wizards,WAS,1,10:17,10,17,1.7166666666666668
153,0022000157,Philadelphia 76ers,PHI,5,0:26,0,26,72.56666666666666
154,0022000163,Indiana Pacers,IND,4,2:59,2,59,45.016666666666666
155,0022000158,Brooklyn Nets,BKN,4,1:44,1,44,46.266666666666666
156,0022000159,Utah Jazz,UTA,1,2:42,2,42,9.3
157,0022000161,Los Angeles Lakers,LAL,1,11:13,11,13,0.7833333333333333
158,0022000162,San Antonio Spurs,SAS,3,8:31,8,31,27.483333333333334
159,0022000168,Brooklyn Nets,BKN,2,11:23,11,23,12.616666666666667
160,0022000172,LA Clippers,LAC,2,11:28,11,28,12.533333333333333
161,0022000165,Milwaukee Bucks,MIL,1,9:58,9,58,2.033333333333333
162,0022000173,Portland Trail Blazers,POR,4,5:29,5,29,42.516666666666666
163,0022000169,Memphis Grizzlies,MEM,4,7:02,7,2,40.96666666666667
164,0022000164,Dallas Mavericks,DAL,1,10:15,10,15,1.75
165,0022000170,Los Angeles Lakers,LAL,1,11:19,11,19,0.6833333333333333
166,0022000174,Philadelphia 76ers,PHI,1,1:29,1,29,10.516666666666667
167,0022000176,Houston Rockets,HOU,4,2:09,2,9,45.85
168,0022000178,Indiana Pacers,IND,2,10:56,10,56,13.066666666666666
169,0022000177,Denver Nuggets,DEN,1,7:50,7,50,4.166666666666667
170,0022000175,Toronto Raptors,TOR,2,11:24,11,24,12.6
171,0022000187,Los Angeles Lakers,LAL,3,5:48,5,48,30.2
172,0022000180,Boston Celtics,BOS,2,9:21,9,21,14.65
173,0022000181,Cleveland Cavaliers,CLE,4,9:20,9,20,38.666666666666664
174,0022000186,Utah Jazz,UTA,1,11:19,11,19,0.6833333333333333
175,0022000182,Milwaukee Bucks,MIL,4,2:21,2,21,45.65
176,0022000188,LA Clippers,LAC,2,6:07,6,7,17.883333333333333
177,0022000184,Oklahoma City Thunder,OKC,5,3:56,3,56,69.06666666666666
178,0022000189,San Antonio Spurs,SAS,3,0:27,0,27,35.55
179,0022000190,Brooklyn Nets,BKN,3,0:34,0,34,35.43333333333333
180,0022000192,Detroit Pistons,DET,3,10:01,10,1,25.983333333333334
181,0022000195,Portland Trail Blazers,POR,4,8:26,8,26,39.56666666666667
182,0022000191,Toronto Raptors,TOR,4,0:38,0,38,47.36666666666667
183,0022000193,Memphis Grizzlies,MEM,2,1:54,1,54,22.1
184,0022000196,New York Knicks,NYK,1,10:17,10,17,1.7166666666666668
185,0022000202,LA Clippers,LAC,1,2:33,2,33,9.45
186,0022000198,Chicago Bulls,CHI,1,3:08,3,8,8.866666666666667
187,0022000201,New Orleans Pelicans,NOP,1,2:15,2,15,9.75
188,0022000200,Utah Jazz,UTA,3,1:25,1,25,34.583333333333336
189,0022000205,Atlanta Hawks,ATL,3,10:23,10,23,25.616666666666667
190,0022000206,Miami Heat,MIA,3,6:03,6,3,29.95
191,0022000207,San Antonio Spurs,SAS,3,1:35,1,35,34.416666666666664
192,0022000208,Memphis Grizzlies,MEM,4,1:06,1,6,46.9
193,0022000209,Brooklyn Nets,BKN,4,0:36,0,36,47.4
194,0022000210,Toronto Raptors,TOR,3,5:56,5,56,30.066666666666666
195,0022000211,Chicago Bulls,CHI,1,5:36,5,36,6.4
196,0022000203,New York Knicks,NYK,4,0:56,0,56,47.06666666666667
197,0022000212,Golden State Warriors,GSW,4,2:40,2,40,45.333333333333336
198,0022000214,Utah Jazz,UTA,2,1:33,1,33,22.45
199,0022000213,Denver Nuggets,DEN,2,11:03,11,3,12.95
200,0022000218,Philadelphia 76ers,PHI,4,3:53,3,53,44.11666666666667
201,0022000223,Golden State Warriors,GSW,1,11:02,11,2,0.9666666666666667
202,0022000224,LA Clippers,LAC,2,2:08,2,8,21.866666666666667
203,0022000216,Cleveland Cavaliers,CLE,6,4:38,4,38,73.36666666666666
204,0022000222,Phoenix Suns,PHX,1,3:34,3,34,8.433333333333334
205,0022000217,Dallas Mavericks,DAL,4,11:16,11,16,36.733333333333334
206,0022000219,Atlanta Hawks,ATL,5,1:27,1,27,71.55
207,0022000221,Orlando Magic,ORL,4,0:00,0,0,48.0
208,0022000220,Miami Heat,MIA,3,4:27,4,27,31.55
209,0022000228,New York Knicks,NYK,2,1:45,1,45,22.25
210,0022000227,Utah Jazz,UTA,3,8:16,8,16,27.733333333333334
211,0022000226,Los Angeles Lakers,LAL,2,1:23,1,23,22.616666666666667
212,0022000233,Philadelphia 76ers,PHI,3,5:25,5,25,30.583333333333332
213,0022000237,Dallas Mavericks,DAL,1,2:14,2,14,9.766666666666667
214,0022000238,Denver Nuggets,DEN,5,1:37,1,37,71.38333333333334
215,0022000239,LA Clippers,LAC,1,8:35,8,35,3.4166666666666665
216,0022000232,Cleveland Cavaliers,CLE,3,7:29,7,29,28.516666666666666
217,0022000230,Houston Rockets,HOU,4,8:05,8,5,39.916666666666664
218,0022000231,Indiana Pacers,IND,5,0:03,0,3,72.95
219,0022000241,Sacramento Kings,SAC,3,5:29,5,29,30.516666666666666
220,0022000236,Atlanta Hawks,ATL,1,1:51,1,51,10.15
221,0022000229,Chicago Bulls,CHI,2,10:55,10,55,13.083333333333334
222,0022000234,Toronto Raptors,TOR,3,5:10,5,10,30.833333333333332
223,0022000245,Los Angeles Lakers,LAL,1,8:53,8,53,3.1166666666666667
224,0022000248,Denver Nuggets,DEN,6,4:43,4,43,73.28333333333333
225,0022000244,Brooklyn Nets,BKN,1,11:31,11,31,0.4833333333333333
226,0022000243,Philadelphia 76ers,PHI,3,1:00,1,0,35.0
227,0022000242,Utah Jazz,UTA,1,11:42,11,42,0.30000000000000004
228,0022000247,Houston Rockets,HOU,1,11:32,11,32,0.4666666666666667
229,0022000246,Minnesota Timberwolves,MIN,3,10:40,10,40,25.333333333333332
230,0022000253,San Antonio Spurs,SAS,3,5:31,5,31,30.483333333333334
231,0022000250,Boston Celtics,BOS,1,10:54,10,54,1.1
232,0022000251,LA Clippers,LAC,1,9:57,9,57,2.05
233,0022000252,Charlotte Hornets,CHA,4,0:00,0,0,48.0
234,0022000256,Portland Trail Blazers,POR,1,9:12,9,12,2.8
235,0022000254,Milwaukee Bucks,MIL,1,8:49,8,49,3.1833333333333336
236,0022000249,Toronto Raptors,TOR,4,0:44,0,44,47.266666666666666
237,0022000262,Boston Celtics,BOS,1,9:19,9,19,2.6833333333333336
238,0022000265,Denver Nuggets,DEN,4,3:33,3,33,44.45
239,0022000266,Golden State Warriors,GSW,1,10:48,10,48,1.2
240,0022000267,Oklahoma City Thunder,OKC,4,10:15,10,15,37.75
241,0022000260,Brooklyn Nets,BKN,4,6:47,6,47,41.21666666666667
242,0022000259,Orlando Magic,ORL,2,8:15,8,15,15.75
243,0022000261,Los Angeles Lakers,LAL,4,7:13,7,13,40.78333333333333
244,0022000257,Detroit Pistons,DET,1,11:46,11,46,0.23333333333333328
245,0022000258,Indiana Pacers,IND,4,8:36,8,36,39.4
246,0022000269,Houston Rockets,HOU,3,1:02,1,2,34.96666666666667
247,0022000270,Utah Jazz,UTA,4,11:03,11,3,36.95
248,0022000268,Atlanta Hawks,ATL,4,10:09,10,9,37.85
249,0022000276,Philadelphia 76ers,PHI,4,0:03,0,3,47.95
250,0022000283,Golden State Warriors,GSW,2,5:38,5,38,18.366666666666667
251,0022000280,San Antonio Spurs,SAS,4,0:27,0,27,47.55
252,0022000281,Oklahoma City Thunder,OKC,4,2:11,2,11,45.81666666666667
253,0022000273,Sacramento Kings,SAC,1,11:23,11,23,0.6166666666666667
254,0022000272,Cleveland Cavaliers,CLE,3,5:04,5,4,30.933333333333334
255,0022000275,Denver Nuggets,DEN,1,9:10,9,10,2.8333333333333335
256,0022000282,Utah Jazz,UTA,1,10:28,10,28,1.5333333333333332
257,0022000274,Brooklyn Nets,BKN,5,4:37,4,37,68.38333333333334
258,0022000271,Indiana Pacers,IND,3,5:31,5,31,30.483333333333334
259,0022000277,Milwaukee Bucks,MIL,4,10:44,10,44,37.266666666666666
260,0022000279,New Orleans Pelicans,NOP,1,10:11,10,11,1.8166666666666667
261,0022000286,Phoenix Suns,PHX,2,2:14,2,14,21.766666666666666
262,0022000287,Houston Rockets,HOU,4,2:17,2,17,45.71666666666667
263,0022000285,LA Clippers,LAC,3,6:59,6,59,29.016666666666666
264,0022000284,Detroit Pistons,DET,3,4:26,4,26,31.566666666666666
265,0022000296,San Antonio Spurs,SAS,4,7:59,7,59,40.016666666666666
266,0022000291,New York Knicks,NYK,2,6:29,6,29,17.516666666666666
267,0022000289,LA Clippers,LAC,2,10:07,10,7,13.883333333333333
268,0022000297,Utah Jazz,UTA,1,8:50,8,50,3.1666666666666665
269,0022000294,Philadelphia 76ers,PHI,2,2:36,2,36,21.4
270,0022000288,Charlotte Hornets,CHA,4,1:10,1,10,46.833333333333336
271,0022000290,Atlanta Hawks,ATL,1,2:52,2,52,9.133333333333333
272,0022000292,Sacramento Kings,SAC,1,7:51,7,51,4.15
273,0022000295,Brooklyn Nets,BKN,1,4:00,4,0,8.0
274,0022000293,New Orleans Pelicans,NOP,1,8:29,8,29,3.5166666666666666
275,0022000305,Golden State Warriors,GSW,1,10:39,10,39,1.35
276,0022000304,Memphis Grizzlies,MEM,1,2:51,2,51,9.15
277,0022000298,Portland Trail Blazers,POR,4,0:00,0,0,48.0
278,0022000302,Los Angeles Lakers,LAL,4,5:25,5,25,42.583333333333336
279,0022000301,Miami Heat,MIA,4,0:42,0,42,47.3
280,0022000303,Phoenix Suns,PHX,4,3:25,3,25,44.583333333333336
281,0022000299,Charlotte Hornets,CHA,4,6:09,6,9,41.85
282,0022000300,Houston Rockets,HOU,2,5:05,5,5,18.916666666666668
283,0022000308,LA Clippers,LAC,2,1:09,1,9,22.85
284,0022000307,Philadelphia 76ers,PHI,4,2:30,2,30,45.5
285,0022000306,Denver Nuggets,DEN,1,9:05,9,5,2.9166666666666665
286,0022000311,Minnesota Timberwolves,MIN,3,1:41,1,41,34.31666666666667
287,0022000309,Toronto Raptors,TOR,1,10:09,10,9,1.85
288,0022000310,Washington Wizards,WAS,4,0:04,0,4,47.93333333333333
289,0022000320,Memphis Grizzlies,MEM,2,9:12,9,12,14.8
290,0022000315,Chicago Bulls,CHI,4,0:42,0,42,47.3
291,0022000312,Cleveland Cavaliers,CLE,4,8:17,8,17,39.71666666666667
292,0022000314,Charlotte Hornets,CHA,5,3:25,3,25,69.58333333333333
293,0022000316,Milwaukee Bucks,MIL,1,5:22,5,22,6.633333333333334
294,0022000313,Los Angeles Lakers,LAL,4,11:33,11,33,36.45
295,0022000319,Phoenix Suns,PHX,4,0:01,0,1,47.983333333333334
296,0022000318,Houston Rockets,HOU,1,8:47,8,47,3.216666666666667
297,0022000317,Sacramento Kings,SAC,4,3:34,3,34,44.43333333333333
298,0022000326,Boston Celtics,BOS,4,6:07,6,7,41.88333333333333
299,0022000324,Brooklyn Nets,BKN,4,4:58,4,58,43.03333333333333
300,0022000323,Toronto Raptors,TOR,3,5:22,5,22,30.633333333333333
301,0022000325,Utah Jazz,UTA,1,11:36,11,36,0.4
302,0022000322,Indiana Pacers,IND,1,11:45,11,45,0.25
303,0022000559,Portland Trail Blazers,POR,1,10:20,10,20,1.6666666666666667
304,0022000334,San Antonio Spurs,SAS,4,2:37,2,37,45.38333333333333
305,0022000332,New York Knicks,NYK,1,10:50,10,50,1.1666666666666665
306,0022000328,LA Clippers,LAC,2,1:11,1,11,22.816666666666666
307,0022000331,Washington Wizards,WAS,4,2:42,2,42,45.3
308,0022000329,Milwaukee Bucks,MIL,1,11:17,11,17,0.7166666666666667
309,0022000330,Dallas Mavericks,DAL,3,0:46,0,46,35.233333333333334
310,0022000336,Sacramento Kings,SAC,4,2:04,2,4,45.93333333333333
311,0022000327,Philadelphia 76ers,PHI,1,7:56,7,56,4.066666666666666
312,0022000333,Oklahoma City Thunder,OKC,1,1:24,1,24,10.6
313,0022000335,New Orleans Pelicans,NOP,3,10:47,10,47,25.216666666666665
314,0022000337,Portland Trail Blazers,POR,3,11:47,11,47,24.216666666666665
315,0022000341,Los Angeles Lakers,LAL,3,1:39,1,39,34.35
316,0022000339,Golden State Warriors,GSW,3,6:33,6,33,29.45
317,0022000338,Utah Jazz,UTA,1,10:23,10,23,1.6166666666666667
318,0022000340,Houston Rockets,HOU,2,4:45,4,45,19.25
319,0022000349,Phoenix Suns,PHX,1,0:58,0,58,11.033333333333333
320,0022000345,Toronto Raptors,TOR,4,3:45,3,45,44.25
321,0022000350,Boston Celtics,BOS,4,0:32,0,32,47.46666666666667
322,0022000344,Orlando Magic,ORL,4,1:21,1,21,46.65
323,0022000346,Milwaukee Bucks,MIL,3,3:57,3,57,32.05
324,0022000347,Miami Heat,MIA,1,8:22,8,22,3.6333333333333333
325,0022000343,New Orleans Pelicans,NOP,4,1:15,1,15,46.75
326,0022000342,Utah Jazz,UTA,2,11:03,11,3,12.95
327,0022000348,Minnesota Timberwolves,MIN,4,0:03,0,3,47.95
328,0022000354,Philadelphia 76ers,PHI,3,5:01,5,1,30.983333333333334
329,0022000361,Los Angeles Lakers,LAL,6,2:10,2,10,75.83333333333333
330,0022000351,New York Knicks,NYK,2,0:46,0,46,23.233333333333334
331,0022000353,Chicago Bulls,CHI,2,11:47,11,47,12.216666666666667
332,0022000357,Milwaukee Bucks,MIL,2,3:59,3,59,20.016666666666666
333,0022000358,San Antonio Spurs,SAS,4,1:37,1,37,46.38333333333333
334,0022000360,Dallas Mavericks,DAL,3,0:31,0,31,35.483333333333334
335,0022000356,Atlanta Hawks,ATL,2,5:14,5,14,18.766666666666666
336,0022000352,Sacramento Kings,SAC,3,3:08,3,8,32.86666666666667
337,0022000359,Oklahoma City Thunder,OKC,4,1:16,1,16,46.733333333333334
338,0022000355,New Orleans Pelicans,NOP,4,4:27,4,27,43.55
339,0022000364,Miami Heat,MIA,4,4:18,4,18,43.7
340,0022000365,Phoenix Suns,PHX,2,0:01,0,1,23.983333333333334
341,0022000366,Sacramento Kings,SAC,4,2:55,2,55,45.083333333333336
342,0022000363,Utah Jazz,UTA,4,5:36,5,36,42.4
343,0022000215,Charlotte Hornets,CHA,1,7:37,7,37,4.383333333333333
344,0022000368,Washington Wizards,WAS,2,10:17,10,17,13.716666666666667
345,0022000371,San Antonio Spurs,SAS,4,9:43,9,43,38.28333333333333
346,0022000374,Los Angeles Lakers,LAL,5,4:25,4,25,68.58333333333333
347,0022000372,Phoenix Suns,PHX,4,2:04,2,4,45.93333333333333
348,0022000370,Dallas Mavericks,DAL,1,6:25,6,25,5.583333333333333
349,0022000373,Milwaukee Bucks,MIL,3,2:08,2,8,33.86666666666667
350,0022000367,Charlotte Hornets,CHA,3,0:02,0,2,35.96666666666667
351,0022000369,Toronto Raptors,TOR,4,10:58,10,58,37.03333333333333
352,0022000378,Golden State Warriors,GSW,3,10:53,10,53,25.116666666666667
353,0022000376,Miami Heat,MIA,4,1:04,1,4,46.93333333333333
354,0022000375,Detroit Pistons,DET,1,10:57,10,57,1.05
355,0022000380,Portland Trail Blazers,POR,1,8:43,8,43,3.283333333333333
356,0022000379,Utah Jazz,UTA,3,10:07,10,7,25.883333333333333
357,0022000381,Philadelphia 76ers,PHI,4,6:40,6,40,41.333333333333336
358,0022000377,New Orleans Pelicans,NOP,1,0:48,0,48,11.2
359,0022000390,Los Angeles Lakers,LAL,5,0:41,0,41,72.31666666666666
360,0022000385,Chicago Bulls,CHI,3,8:51,8,51,27.15
361,0022000389,Phoenix Suns,PHX,4,0:32,0,32,47.46666666666667
362,0022000383,Brooklyn Nets,BKN,1,7:21,7,21,4.65
363,0022000384,Dallas Mavericks,DAL,4,3:28,3,28,44.53333333333333
364,0022000388,Denver Nuggets,DEN,1,8:30,8,30,3.5
365,0022000387,LA Clippers,LAC,3,4:12,4,12,31.8
366,0022000382,Toronto Raptors,TOR,1,9:26,9,26,2.5666666666666664
367,0022000386,Memphis Grizzlies,MEM,2,0:31,0,31,23.483333333333334
368,0022000393,Golden State Warriors,GSW,4,7:31,7,31,40.483333333333334
369,0022000398,Boston Celtics,BOS,1,11:41,11,41,0.31666666666666665
370,0022000392,Miami Heat,MIA,3,6:27,6,27,29.55
371,0022000391,Indiana Pacers,IND,3,8:18,8,18,27.7
372,0022000394,Portland Trail Blazers,POR,4,0:03,0,3,47.95
373,0022000403,Los Angeles Lakers,LAL,3,0:32,0,32,35.46666666666667
374,0022000400,LA Clippers,LAC,1,9:02,9,2,2.966666666666667
375,0022000412,Detroit Pistons,DET,3,6:38,6,38,29.366666666666667
376,0022000404,Portland Trail Blazers,POR,1,10:33,10,33,1.45
377,0022000402,Utah Jazz,UTA,1,2:45,2,45,9.25
378,0022000399,Dallas Mavericks,DAL,2,0:40,0,40,23.333333333333332
379,0022000397,San Antonio Spurs,SAS,1,10:49,10,49,1.1833333333333333
380,0022000405,Orlando Magic,ORL,2,1:39,1,39,22.35
381,0022000401,Denver Nuggets,DEN,4,1:21,1,21,46.65
382,0022000395,Charlotte Hornets,CHA,4,8:53,8,53,39.11666666666667
383,0022000396,New York Knicks,NYK,1,8:11,8,11,3.816666666666667
384,0022000409,Brooklyn Nets,BKN,1,2:25,2,25,9.583333333333334
385,0022000408,New York Knicks,NYK,1,7:59,7,59,4.016666666666667
386,0022000406,Phoenix Suns,PHX,3,3:08,3,8,32.86666666666667
387,0022000410,Utah Jazz,UTA,2,4:31,4,31,19.483333333333334
388,0022000407,Indiana Pacers,IND,4,4:55,4,55,43.083333333333336
389,0022000417,Phoenix Suns,PHX,1,11:04,11,4,0.9333333333333333
390,0022000419,LA Clippers,LAC,1,7:32,7,32,4.466666666666667
391,0022000561,Detroit Pistons,DET,2,0:03,0,3,23.95
392,0022000411,Portland Trail Blazers,POR,4,0:32,0,32,47.46666666666667
393,0022000418,Memphis Grizzlies,MEM,1,10:28,10,28,1.5333333333333332
394,0022000416,Denver Nuggets,DEN,2,4:30,4,30,19.5
395,0022000414,San Antonio Spurs,SAS,4,9:11,9,11,38.81666666666667
396,0022000560,Washington Wizards,WAS,1,8:45,8,45,3.25
397,0022000413,Minnesota Timberwolves,MIN,4,5:32,5,32,42.46666666666667
398,0022000415,Oklahoma City Thunder,OKC,4,9:08,9,8,38.86666666666667
399,0022000424,Golden State Warriors,GSW,2,4:33,4,33,19.45
400,0022000422,New York Knicks,NYK,3,3:42,3,42,32.3
401,0022000425,LA Clippers,LAC,4,11:12,11,12,36.8
402,0022000423,Utah Jazz,UTA,2,3:48,3,48,20.2
403,0022000420,Chicago Bulls,CHI,5,4:27,4,27,68.55
404,0022000426,Brooklyn Nets,BKN,2,7:12,7,12,16.8
405,0022000421,Washington Wizards,WAS,2,5:34,5,34,18.433333333333334
406,0022000433,Brooklyn Nets,BKN,4,0:31,0,31,47.483333333333334
407,0022000427,Boston Celtics,BOS,3,3:56,3,56,32.06666666666667
408,0022000430,Toronto Raptors,TOR,4,10:41,10,41,37.31666666666667
409,0022000431,Los Angeles Lakers,LAL,3,0:55,0,55,35.083333333333336
410,0022000432,Portland Trail Blazers,POR,4,3:47,3,47,44.21666666666667
411,0022000429,New Orleans Pelicans,NOP,2,3:45,3,45,20.25
412,0022000436,Orlando Magic,ORL,3,6:03,6,3,29.95
413,0022000437,Washington Wizards,WAS,4,0:00,0,0,48.0
414,0022000438,Atlanta Hawks,ATL,2,6:53,6,53,17.116666666666667
415,0022000439,Philadelphia 76ers,PHI,1,5:12,5,12,6.8
416,0022000440,Indiana Pacers,IND,5,4:23,4,23,68.61666666666666
417,0022000441,Portland Trail Blazers,POR,4,0:16,0,16,47.733333333333334
418,0022000443,Golden State Warriors,GSW,5,1:15,1,15,71.75
419,0022000444,Utah Jazz,UTA,3,4:08,4,8,31.866666666666667
420,0022000562,Memphis Grizzlies,MEM,4,11:03,11,3,36.95
421,0022000564,Chicago Bulls,CHI,4,10:00,10,0,38.0
422,0022000446,Brooklyn Nets,BKN,1,3:29,3,29,8.516666666666667
423,0022000445,Toronto Raptors,TOR,1,2:00,2,0,10.0
424,0022000447,Miami Heat,MIA,1,10:44,10,44,1.2666666666666666
425,0022000450,Philadelphia 76ers,PHI,4,7:45,7,45,40.25
426,0022000451,Boston Celtics,BOS,1,8:59,8,59,3.0166666666666666
427,0022000457,LA Clippers,LAC,3,1:54,1,54,34.1
428,0022000449,Orlando Magic,ORL,4,2:19,2,19,45.68333333333333
429,0022000563,Denver Nuggets,DEN,1,10:30,10,30,1.5
430,0022000453,Milwaukee Bucks,MIL,2,1:09,1,9,22.85
431,0022000454,Toronto Raptors,TOR,4,0:30,0,30,47.5
432,0022000452,Memphis Grizzlies,MEM,1,9:28,9,28,2.533333333333333
433,0022000455,Phoenix Suns,PHX,4,8:07,8,7,39.88333333333333
434,0022000463,Miami Heat,MIA,3,5:59,5,59,30.016666666666666
435,0022000460,Chicago Bulls,CHI,1,4:37,4,37,7.383333333333333
436,0022000464,Washington Wizards,WAS,4,7:45,7,45,40.25
437,0022000459,Charlotte Hornets,CHA,4,0:00,0,0,48.0
438,0022000462,Phoenix Suns,PHX,1,5:57,5,57,6.05
439,0022000469,New York Knicks,NYK,4,0:32,0,32,47.46666666666667
440,0022000472,Brooklyn Nets,BKN,4,0:11,0,11,47.81666666666667
441,0022000467,Orlando Magic,ORL,1,6:23,6,23,5.616666666666666
442,0022000466,Oklahoma City Thunder,OKC,2,9:31,9,31,14.483333333333333
443,0022000471,Milwaukee Bucks,MIL,1,4:47,4,47,7.216666666666667
444,0022000470,Atlanta Hawks,ATL,2,4:24,4,24,19.6
445,0022000468,Toronto Raptors,TOR,4,8:28,8,28,39.53333333333333
446,0022000465,New Orleans Pelicans,NOP,5,0:34,0,34,72.43333333333334
447,0022000479,Washington Wizards,WAS,5,3:27,3,27,69.55
448,0022000477,Phoenix Suns,PHX,2,7:20,7,20,16.666666666666668
449,0022000474,Chicago Bulls,CHI,2,5:34,5,34,18.433333333333334
450,0022000478,Utah Jazz,UTA,3,0:26,0,26,35.56666666666667
451,0022000476,Dallas Mavericks,DAL,1,10:56,10,56,1.0666666666666667
452,0022000475,Miami Heat,MIA,3,2:15,2,15,33.75
453,0022000483,Golden State Warriors,GSW,4,3:38,3,38,44.36666666666667
454,0022000482,Brooklyn Nets,BKN,3,0:03,0,3,35.95
455,0022000488,LA Clippers,LAC,1,11:40,11,40,0.33333333333333337
456,0022000481,Detroit Pistons,DET,3,11:24,11,24,24.6
457,0022000480,Cleveland Cavaliers,CLE,4,0:04,0,4,47.93333333333333
458,0022000486,Milwaukee Bucks,MIL,2,7:58,7,58,16.033333333333335
459,0022000485,Dallas Mavericks,DAL,4,0:00,0,0,48.0
460,0022000487,Denver Nuggets,DEN,4,5:59,5,59,42.016666666666666
461,0022000484,Philadelphia 76ers,PHI,1,8:07,8,7,3.8833333333333333
462,0022000493,Chicago Bulls,CHI,5,4:37,4,37,68.38333333333334
463,0022000496,Charlotte Hornets,CHA,4,3:32,3,32,44.46666666666667
464,0022000491,Cleveland Cavaliers,CLE,3,3:23,3,23,32.61666666666667
465,0022000492,Miami Heat,MIA,3,8:21,8,21,27.65
466,0022000497,Utah Jazz,UTA,1,1:35,1,35,10.416666666666666
467,0022000489,Golden State Warriors,GSW,4,7:11,7,11,40.81666666666667
468,0022000490,Atlanta Hawks,ATL,1,6:12,6,12,5.8
469,0022000495,Oklahoma City Thunder,OKC,4,0:00,0,0,48.0
470,0022000494,New Orleans Pelicans,NOP,4,10:51,10,51,37.15
471,0022000498,Philadelphia 76ers,PHI,1,0:35,0,35,11.416666666666666
472,0022000500,New York Knicks,NYK,1,3:05,3,5,8.916666666666666
473,0022000499,Brooklyn Nets,BKN,2,7:34,7,34,16.433333333333334
474,0022000503,Milwaukee Bucks,MIL,4,1:45,1,45,46.25
475,0022000502,Washington Wizards,WAS,4,3:24,3,24,44.6
476,0022000501,Memphis Grizzlies,MEM,2,1:10,1,10,22.833333333333332
477,0022000511,Golden State Warriors,GSW,2,4:21,4,21,19.65
478,0022000512,Los Angeles Lakers,LAL,3,5:54,5,54,30.1
479,0022000508,Phoenix Suns,PHX,4,4:59,4,59,43.016666666666666
480,0022000505,Boston Celtics,BOS,3,10:09,10,9,25.85
481,0022000507,Miami Heat,MIA,4,7:55,7,55,40.083333333333336
482,0022000504,Sacramento Kings,SAC,4,1:08,1,8,46.86666666666667
483,0022000506,Toronto Raptors,TOR,2,9:42,9,42,14.3
484,0022000510,Oklahoma City Thunder,OKC,2,6:58,6,58,17.033333333333335
485,0022000509,LA Clippers,LAC,1,0:01,0,1,11.983333333333333
486,0022000513,Cleveland Cavaliers,CLE,5,4:38,4,38,68.36666666666666
487,0022000514,San Antonio Spurs,SAS,2,9:56,9,56,14.066666666666666
488,0022000515,New York Knicks,NYK,4,3:32,3,32,44.46666666666667
489,0022000519,Dallas Mavericks,DAL,1,3:15,3,15,8.75
490,0022000516,Utah Jazz,UTA,2,0:44,0,44,23.266666666666666
491,0022000517,Washington Wizards,WAS,3,7:47,7,47,28.216666666666665
492,0022000518,Denver Nuggets,DEN,1,11:37,11,37,0.3833333333333333
493,0022000527,Los Angeles Lakers,LAL,1,11:20,11,20,0.6666666666666667
494,0022000524,Boston Celtics,BOS,4,0:04,0,4,47.93333333333333
495,0022000525,Memphis Grizzlies,MEM,1,1:55,1,55,10.083333333333334
496,0022000522,Miami Heat,MIA,4,2:41,2,41,45.31666666666667
497,0022000521,New York Knicks,NYK,1,5:22,5,22,6.633333333333334
498,0022000520,Milwaukee Bucks,MIL,4,1:57,1,57,46.05
499,0022000528,Charlotte Hornets,CHA,4,0:01,0,1,47.983333333333334
500,0022000526,Phoenix Suns,PHX,3,5:40,5,40,30.333333333333332
501,0022000530,Philadelphia 76ers,PHI,1,0:33,0,33,11.45
502,0022000534,Brooklyn Nets,BKN,5,4:46,4,46,68.23333333333333
503,0022000531,Denver Nuggets,DEN,4,2:00,2,0,46.0
504,0022000529,Dallas Mavericks,DAL,3,11:30,11,30,24.5
505,0022000532,Cleveland Cavaliers,CLE,4,9:47,9,47,38.21666666666667
506,0022000535,Portland Trail Blazers,POR,3,11:38,11,38,24.366666666666667
507,0022000533,New Orleans Pelicans,NOP,3,4:52,4,52,31.133333333333333
508,0022000542,Phoenix Suns,PHX,2,3:17,3,17,20.716666666666665
509,0022000541,San Antonio Spurs,SAS,2,1:04,1,4,22.933333333333334
510,0022000537,Boston Celtics,BOS,4,11:13,11,13,36.78333333333333
511,0022000538,Atlanta Hawks,ATL,4,7:08,7,8,40.86666666666667
512,0022000540,Denver Nuggets,DEN,1,7:34,7,34,4.433333333333334
513,0022000536,Memphis Grizzlies,MEM,2,5:12,5,12,18.8
514,0022000545,Philadelphia 76ers,PHI,5,2:10,2,10,70.83333333333333
515,0022000544,Atlanta Hawks,ATL,4,0:08,0,8,47.86666666666667
516,0022000543,Indiana Pacers,IND,4,1:18,1,18,46.7
517,0022000546,Brooklyn Nets,BKN,2,10:29,10,29,13.516666666666667
518,0022000550,Portland Trail Blazers,POR,4,0:14,0,14,47.766666666666666
519,0022000549,Dallas Mavericks,DAL,2,5:57,5,57,18.05
520,0022000551,Sacramento Kings,SAC,4,0:30,0,30,47.5
521,0022000547,Charlotte Hornets,CHA,2,7:17,7,17,16.716666666666665
522,0022000539,Detroit Pistons,DET,1,1:30,1,30,10.5
523,0022000548,Chicago Bulls,CHI,2,6:27,6,27,17.55
524,0022000556,Oklahoma City Thunder,OKC,4,6:57,6,57,41.05
525,0022000185,Phoenix Suns,PHX,1,7:46,7,46,4.233333333333333
526,0022000558,Portland Trail Blazers,POR,4,2:38,2,38,45.36666666666667
527,0022000552,Boston Celtics,BOS,3,7:59,7,59,28.016666666666666
528,0022000554,Washington Wizards,WAS,4,3:15,3,15,44.75
529,0022000565,New York Knicks,NYK,1,10:16,10,16,1.7333333333333334
530,0022000553,Denver Nuggets,DEN,3,5:31,5,31,30.483333333333334
531,0022000555,Milwaukee Bucks,MIL,4,0:02,0,2,47.96666666666667
532,0022000557,Miami Heat,MIA,1,10:10,10,10,1.8333333333333333
533,0022000566,Memphis Grizzlies,MEM,3,4:57,4,57,31.05
534,0022000567,Dallas Mavericks,DAL,4,7:09,7,9,40.85
535,0022000569,Brooklyn Nets,BKN,3,2:22,2,22,33.63333333333333
536,0022000572,Philadelphia 76ers,PHI,2,2:49,2,49,21.183333333333334
537,0022000571,Miami Heat,MIA,4,9:15,9,15,38.75
538,0022000574,Minnesota Timberwolves,MIN,2,4:28,4,28,19.533333333333335
539,0022000570,Atlanta Hawks,ATL,4,0:00,0,0,48.0
540,0022000575,Oklahoma City Thunder,OKC,1,8:51,8,51,3.15
541,0022000568,Charlotte Hornets,CHA,4,2:22,2,22,45.63333333333333
542,0022000577,Phoenix Suns,PHX,4,10:22,10,22,37.63333333333333
543,0022000578,Sacramento Kings,SAC,2,10:47,10,47,13.216666666666667
544,0022000576,LA Clippers,LAC,1,0:04,0,4,11.933333333333334
545,0022000573,Milwaukee Bucks,MIL,1,6:23,6,23,5.616666666666666
546,0022000583,San Antonio Spurs,SAS,2,2:46,2,46,21.233333333333334
547,0022000579,Philadelphia 76ers,PHI,1,11:02,11,2,0.9666666666666667
548,0022000580,Denver Nuggets,DEN,4,2:08,2,8,45.86666666666667
549,0022000581,New Orleans Pelicans,NOP,1,0:35,0,35,11.416666666666666
550,0022000582,Miami Heat,MIA,4,11:14,11,14,36.766666666666666
551,0022000584,Utah Jazz,UTA,1,8:46,8,46,3.2333333333333334
552,0022000585,Los Angeles Lakers,LAL,4,6:33,6,33,41.45
553,0022000589,Milwaukee Bucks,MIL,4,0:32,0,32,47.46666666666667
554,0022000588,Charlotte Hornets,CHA,1,11:07,11,7,0.8833333333333333
555,0022000587,Brooklyn Nets,BKN,4,1:37,1,37,46.38333333333333
556,0022000592,Dallas Mavericks,DAL,2,10:48,10,48,13.2
557,0022000586,New York Knicks,NYK,3,10:19,10,19,25.683333333333334
558,0022000590,Atlanta Hawks,ATL,2,8:17,8,17,15.716666666666667
559,0022000194,Indiana Pacers,IND,2,5:50,5,50,18.166666666666668
560,0022000591,Portland Trail Blazers,POR,4,7:48,7,48,40.2
561,0022000593,Oklahoma City Thunder,OKC,4,6:10,6,10,41.833333333333336
562,0022000594,Golden State Warriors,GSW,1,6:42,6,42,5.3
563,0022000595,Philadelphia 76ers,PHI,1,8:59,8,59,3.0166666666666666
564,0022000596,Miami Heat,MIA,4,3:22,3,22,44.63333333333333
565,0022000598,Boston Celtics,BOS,1,1:04,1,4,10.933333333333334
566,0022000599,Minnesota Timberwolves,MIN,3,4:06,4,6,31.9
567,0022000597,Atlanta Hawks,ATL,3,7:05,7,5,28.916666666666668
568,0022000600,Chicago Bulls,CHI,1,2:52,2,52,9.133333333333333
569,0022000601,New Orleans Pelicans,NOP,1,11:39,11,39,0.35
570,0022000603,Milwaukee Bucks,MIL,1,8:01,8,1,3.9833333333333334
571,0022000602,Charlotte Hornets,CHA,4,0:54,0,54,47.1
572,0022000428,San Antonio Spurs,SAS,2,10:30,10,30,13.5
573,0022000604,Brooklyn Nets,BKN,1,1:49,1,49,10.183333333333334
574,0022000606,Denver Nuggets,DEN,4,10:28,10,28,37.53333333333333
575,0022000608,Los Angeles Lakers,LAL,2,11:08,11,8,12.866666666666667
576,0022000605,LA Clippers,LAC,2,1:17,1,17,22.716666666666665
577,0022000607,Phoenix Suns,PHX,2,3:38,3,38,20.366666666666667
578,0022000609,Utah Jazz,UTA,4,11:07,11,7,36.88333333333333
579,0022000612,Chicago Bulls,CHI,2,4:45,4,45,19.25
580,0022000613,Atlanta Hawks,ATL,4,9:11,9,11,38.81666666666667
581,0022000610,Miami Heat,MIA,1,3:56,3,56,8.066666666666666
582,0022000611,Philadelphia 76ers,PHI,4,2:26,2,26,45.56666666666667
583,0022000614,Portland Trail Blazers,POR,4,0:01,0,1,47.983333333333334
584,0022000615,Los Angeles Lakers,LAL,3,4:26,4,26,31.566666666666666
585,0022000617,Brooklyn Nets,BKN,4,8:02,8,2,39.96666666666667
586,0022000616,Detroit Pistons,DET,3,7:44,7,44,28.266666666666666
587,0022000618,Milwaukee Bucks,MIL,5,2:41,2,41,70.31666666666666
588,0022000621,San Antonio Spurs,SAS,4,5:19,5,19,42.68333333333333
589,0022000622,Golden State Warriors,GSW,1,4:12,4,12,7.8
590,0022000619,Sacramento Kings,SAC,4,0:01,0,1,47.983333333333334
591,0022000620,Cleveland Cavaliers,CLE,1,9:12,9,12,2.8
592,0022000624,Denver Nuggets,DEN,1,1:05,1,5,10.916666666666666
593,0022000623,Memphis Grizzlies,MEM,4,0:01,0,1,47.983333333333334
594,0022000625,Dallas Mavericks,DAL,2,6:58,6,58,17.033333333333335
595,0022000627,New York Knicks,NYK,4,3:49,3,49,44.18333333333333
596,0022000629,Portland Trail Blazers,POR,1,4:36,4,36,7.4
597,0022000628,Minnesota Timberwolves,MIN,4,2:36,2,36,45.4
598,0022000626,Atlanta Hawks,ATL,1,10:22,10,22,1.6333333333333333
599,0022000166,Washington Wizards,WAS,1,7:03,7,3,4.95
600,0022000630,Los Angeles Lakers,LAL,3,6:06,6,6,29.9
601,0022000631,Sacramento Kings,SAC,4,4:12,4,12,43.8
602,0022000435,San Antonio Spurs,SAS,1,11:25,11,25,0.5833333333333333
603,0022000633,Orlando Magic,ORL,3,11:25,11,25,24.583333333333332
604,0022000632,Indiana Pacers,IND,2,11:00,11,0,13.0
605,0022000636,Golden State Warriors,GSW,1,2:04,2,4,9.933333333333334
606,0022000635,Detroit Pistons,DET,2,1:45,1,45,22.25
607,0022000634,Utah Jazz,UTA,4,0:29,0,29,47.516666666666666
608,0022000637,Denver Nuggets,DEN,5,4:40,4,40,68.33333333333333
609,0022000639,Portland Trail Blazers,POR,4,4:04,4,4,43.93333333333333
610,0022000638,Phoenix Suns,PHX,3,1:36,1,36,34.4
611,0022000640,Atlanta Hawks,ATL,3,11:39,11,39,24.35
612,0022000642,Memphis Grizzlies,MEM,4,2:27,2,27,45.55
613,0022000641,Philadelphia 76ers,PHI,1,11:31,11,31,0.4833333333333333
614,0022000643,Milwaukee Bucks,MIL,3,0:30,0,30,35.5
615,0022000644,LA Clippers,LAC,1,11:18,11,18,0.7
616,0022000645,Indiana Pacers,IND,5,2:32,2,32,70.46666666666667
617,0022000016,Oklahoma City Thunder,OKC,4,1:56,1,56,46.06666666666667
618,0022000646,New Orleans Pelicans,NOP,4,0:57,0,57,47.05
619,0022000167,Boston Celtics,BOS,2,5:49,5,49,18.183333333333334
620,0022000647,Brooklyn Nets,BKN,2,10:05,10,5,13.916666666666666
621,0022000649,Chicago Bulls,CHI,2,0:32,0,32,23.466666666666665
622,0022000648,Cleveland Cavaliers,CLE,2,0:30,0,30,23.5
623,0022000650,Philadelphia 76ers,PHI,5,0:05,0,5,72.91666666666667
624,0022000651,Phoenix Suns,PHX,1,11:12,11,12,0.8
625,0022000652,Dallas Mavericks,DAL,2,6:11,6,11,17.816666666666666
626,0022000653,Sacramento Kings,SAC,2,1:35,1,35,22.416666666666668
627,0022000654,Oklahoma City Thunder,OKC,3,6:33,6,33,29.45
628,0022000655,Charlotte Hornets,CHA,4,1:26,1,26,46.56666666666667
629,0022000656,Utah Jazz,UTA,1,1:20,1,20,10.666666666666666
630,0022000658,Memphis Grizzlies,MEM,5,3:23,3,23,69.61666666666666
631,0022000657,Houston Rockets,HOU,2,3:12,3,12,20.8
632,0022000659,Milwaukee Bucks,MIL,1,10:47,10,47,1.2166666666666668
633,0022000660,LA Clippers,LAC,4,2:42,2,42,45.3
634,0022000664,Phoenix Suns,PHX,1,5:43,5,43,6.283333333333333
635,0022000661,Denver Nuggets,DEN,1,9:37,9,37,2.3833333333333333
636,0022000662,New York Knicks,NYK,1,4:01,4,1,7.983333333333333
637,0022000663,New Orleans Pelicans,NOP,1,1:01,1,1,10.983333333333333
638,0022000666,Brooklyn Nets,BKN,4,11:27,11,27,36.55
639,0022000665,Philadelphia 76ers,PHI,4,3:44,3,44,44.266666666666666
640,0022000667,Indiana Pacers,IND,4,6:47,6,47,41.21666666666667
641,0022000676,Utah Jazz,UTA,1,10:58,10,58,1.0333333333333332
642,0022000677,Sacramento Kings,SAC,4,0:36,0,36,47.4
643,0022000673,Dallas Mavericks,DAL,3,7:03,7,3,28.95
644,0022000668,Toronto Raptors,TOR,1,10:54,10,54,1.1
645,0022000674,Memphis Grizzlies,MEM,3,5:22,5,22,30.633333333333333
646,0022000669,Milwaukee Bucks,MIL,1,1:14,1,14,10.766666666666667
647,0022000671,Cleveland Cavaliers,CLE,3,9:57,9,57,26.05
648,0022000670,Orlando Magic,ORL,4,0:06,0,6,47.9
649,0022000672,Charlotte Hornets,CHA,2,0:28,0,28,23.533333333333335
650,0022000675,LA Clippers,LAC,1,11:21,11,21,0.65
651,0022000678,Portland Trail Blazers,POR,4,0:01,0,1,47.983333333333334
652,0022000679,New York Knicks,NYK,4,4:12,4,12,43.8
653,0022000680,LA Clippers,LAC,3,1:43,1,43,34.28333333333333
654,0022000682,Sacramento Kings,SAC,2,8:34,8,34,15.433333333333334
655,0022000681,Philadelphia 76ers,PHI,3,10:59,10,59,25.016666666666666
656,0022000684,Phoenix Suns,PHX,2,5:58,5,58,18.033333333333335
657,0022000683,Brooklyn Nets,BKN,4,2:06,2,6,45.9
658,0022000689,Denver Nuggets,DEN,4,1:44,1,44,46.266666666666666
659,0022000688,Minnesota Timberwolves,MIN,4,1:49,1,49,46.18333333333333
660,0022000687,Portland Trail Blazers,POR,4,5:42,5,42,42.3
661,0022000686,Charlotte Hornets,CHA,1,11:34,11,34,0.43333333333333335
662,0022000690,Indiana Pacers,IND,2,10:56,10,56,13.066666666666666
663,0022000691,Utah Jazz,UTA,1,8:15,8,15,3.75
664,0022000693,Los Angeles Lakers,LAL,3,9:16,9,16,26.733333333333334
665,0022000685,Boston Celtics,BOS,2,1:15,1,15,22.75
666,0022000692,Atlanta Hawks,ATL,1,9:43,9,43,2.283333333333333
667,0022000696,Houston Rockets,HOU,1,4:12,4,12,7.8
668,0022000694,Washington Wizards,WAS,1,4:51,4,51,7.15
669,0022000695,New York Knicks,NYK,4,1:19,1,19,46.68333333333333
670,0022000697,San Antonio Spurs,SAS,1,9:35,9,35,2.4166666666666665
671,0022000700,Utah Jazz,UTA,1,8:24,8,24,3.6
672,0022000698,New Orleans Pelicans,NOP,4,3:39,3,39,44.35
673,0022000699,Boston Celtics,BOS,4,10:16,10,16,37.733333333333334
674,0022000701,LA Clippers,LAC,2,2:12,2,12,21.8
675,0022000702,Sacramento Kings,SAC,4,0:00,0,0,48.0
676,0022000704,Portland Trail Blazers,POR,3,5:27,5,27,30.55
677,0022000705,Denver Nuggets,DEN,2,4:02,4,2,19.966666666666665
678,0022000706,Los Angeles Lakers,LAL,4,5:27,5,27,42.55
679,0022000703,Phoenix Suns,PHX,5,3:09,3,9,69.85
680,0022000707,Washington Wizards,WAS,4,4:37,4,37,43.38333333333333
681,0022000709,Brooklyn Nets,BKN,1,9:38,9,38,2.3666666666666667
682,0022000710,Miami Heat,MIA,3,6:25,6,25,29.583333333333332
683,0022000708,New Orleans Pelicans,NOP,3,7:10,7,10,28.833333333333332
684,0022000713,Dallas Mavericks,DAL,2,7:40,7,40,16.333333333333332
685,0022000714,Sacramento Kings,SAC,2,1:19,1,19,22.683333333333334
686,0022000717,LA Clippers,LAC,3,11:26,11,26,24.566666666666666
687,0022000716,Golden State Warriors,GSW,3,9:37,9,37,26.383333333333333
688,0022000715,Utah Jazz,UTA,1,11:46,11,46,0.23333333333333328
689,0022000712,Memphis Grizzlies,MEM,4,7:51,7,51,40.15
690,0022000711,Detroit Pistons,DET,1,3:22,3,22,8.633333333333333
691,0022000718,Charlotte Hornets,CHA,2,9:09,9,9,14.85
692,0022000719,Denver Nuggets,DEN,1,11:40,11,40,0.33333333333333337
693,0022000720,Orlando Magic,ORL,4,1:10,1,10,46.833333333333336
694,0022000171,Phoenix Suns,PHX,4,2:06,2,6,45.9
695,0022000722,Miami Heat,MIA,4,5:50,5,50,42.166666666666664
696,0022000724,Brooklyn Nets,BKN,4,5:38,5,38,42.36666666666667
697,0022000721,Portland Trail Blazers,POR,3,10:24,10,24,25.6
698,0022000723,Dallas Mavericks,DAL,1,10:36,10,36,1.4
699,0022000725,Utah Jazz,UTA,4,5:33,5,33,42.45
700,0022000727,Oklahoma City Thunder,OKC,4,9:59,9,59,38.016666666666666
701,0022000728,San Antonio Spurs,SAS,2,10:38,10,38,13.366666666666667
702,0022000730,Phoenix Suns,PHX,2,9:43,9,43,14.283333333333333
703,0022000729,Milwaukee Bucks,MIL,2,2:17,2,17,21.716666666666665
704,0022000726,Minnesota Timberwolves,MIN,4,0:37,0,37,47.38333333333333
705,0022000731,Philadelphia 76ers,PHI,3,10:35,10,35,25.416666666666668
706,0022000732,Brooklyn Nets,BKN,1,10:12,10,12,1.8
707,0022000733,Miami Heat,MIA,3,5:48,5,48,30.2
708,0022000734,Orlando Magic,ORL,5,0:27,0,27,72.55
709,0022000735,Atlanta Hawks,ATL,6,3:45,3,45,74.25
710,0022000736,Denver Nuggets,DEN,1,11:26,11,26,0.5666666666666667
711,0022000179,Detroit Pistons,DET,1,8:52,8,52,3.1333333333333333
712,0022000737,Toronto Raptors,TOR,2,11:05,11,5,12.916666666666666
713,0022000738,Boston Celtics,BOS,2,3:21,3,21,20.65
714,0022000739,Dallas Mavericks,DAL,3,5:35,5,35,30.416666666666668
715,0022000741,Memphis Grizzlies,MEM,3,3:00,3,0,33.0
716,0022000740,Charlotte Hornets,CHA,2,3:28,3,28,20.533333333333335
717,0022000742,Atlanta Hawks,ATL,2,0:27,0,27,23.55
718,0022000743,Utah Jazz,UTA,3,7:37,7,37,28.383333333333333
719,0022000744,Phoenix Suns,PHX,1,10:35,10,35,1.4166666666666665
720,0022000746,Los Angeles Lakers,LAL,1,8:50,8,50,3.1666666666666665
721,0022000745,Milwaukee Bucks,MIL,1,9:39,9,39,2.35
722,0022000747,Dallas Mavericks,DAL,2,5:30,5,30,18.5
723,0022000748,New York Knicks,NYK,1,11:38,11,38,0.3666666666666667
724,0022000749,Miami Heat,MIA,1,9:17,9,17,2.716666666666667
725,0022000750,Philadelphia 76ers,PHI,2,11:05,11,5,12.916666666666666
726,0022000752,Utah Jazz,UTA,1,11:21,11,21,0.65
727,0022000751,Indiana Pacers,IND,5,2:32,2,32,70.46666666666667
728,0022000753,Portland Trail Blazers,POR,1,11:27,11,27,0.55
729,0022000754,Milwaukee Bucks,MIL,4,1:32,1,32,46.46666666666667
730,0022000761,Denver Nuggets,DEN,4,4:08,4,8,43.86666666666667
731,0022000755,Chicago Bulls,CHI,2,3:53,3,53,20.116666666666667
732,0022000756,LA Clippers,LAC,1,11:27,11,27,0.55
733,0022000757,Boston Celtics,BOS,2,11:11,11,11,12.816666666666666
734,0022000758,Memphis Grizzlies,MEM,1,4:46,4,46,7.233333333333333
735,0022000759,Atlanta Hawks,ATL,4,7:04,7,4,40.93333333333333
736,0022000760,New Orleans Pelicans,NOP,4,4:35,4,35,43.416666666666664
737,0022000764,Dallas Mavericks,DAL,1,3:24,3,24,8.6
738,0022000762,Brooklyn Nets,BKN,4,0:03,0,3,47.95
739,0022000766,Detroit Pistons,DET,1,9:25,9,25,2.5833333333333335
740,0022000767,Cleveland Cavaliers,CLE,2,9:18,9,18,14.7
741,0022000765,Minnesota Timberwolves,MIN,4,7:21,7,21,40.65
742,0022000763,Toronto Raptors,TOR,4,0:00,0,0,48.0
743,0022000768,Phoenix Suns,PHX,4,6:55,6,55,41.083333333333336
744,0022000769,Chicago Bulls,CHI,2,11:15,11,15,12.75
745,0022000770,Atlanta Hawks,ATL,3,10:16,10,16,25.733333333333334
746,0022000771,Philadelphia 76ers,PHI,2,5:50,5,50,18.166666666666668
747,0022000773,Memphis Grizzlies,MEM,1,0:06,0,6,11.9
748,0022000772,Los Angeles Lakers,LAL,1,9:17,9,17,2.716666666666667
749,0022000321,Denver Nuggets,DEN,1,1:02,1,2,10.966666666666667
750,0022000775,LA Clippers,LAC,1,11:40,11,40,0.33333333333333337
751,0022000774,Golden State Warriors,GSW,4,0:07,0,7,47.88333333333333
752,0022000777,Washington Wizards,WAS,2,11:07,11,7,12.883333333333333
753,0022000776,Indiana Pacers,IND,1,0:46,0,46,11.233333333333333
754,0022000779,Brooklyn Nets,BKN,1,0:00,0,0,12.0
755,0022000781,Charlotte Hornets,CHA,3,10:31,10,31,25.483333333333334
756,0022000456,Houston Rockets,HOU,4,2:03,2,3,45.95
757,0022000780,Memphis Grizzlies,MEM,2,0:34,0,34,23.433333333333334
758,0022000782,Denver Nuggets,DEN,3,4:10,4,10,31.833333333333332
759,0022000778,Boston Celtics,BOS,4,0:36,0,36,47.4
760,0022000783,Phoenix Suns,PHX,5,4:55,4,55,68.08333333333333
761,0022000523,Chicago Bulls,CHI,1,4:22,4,22,7.633333333333334
762,0022000785,Cleveland Cavaliers,CLE,2,0:51,0,51,23.15
763,0022000784,Miami Heat,MIA,3,0:20,0,20,35.666666666666664
764,0022000786,Dallas Mavericks,DAL,4,6:43,6,43,41.28333333333333
765,0022000787,Utah Jazz,UTA,3,6:31,6,31,29.483333333333334
766,0022000789,Detroit Pistons,DET,1,0:40,0,40,11.333333333333334
767,0022000788,LA Clippers,LAC,3,1:28,1,28,34.53333333333333
768,0022000790,Indiana Pacers,IND,2,7:46,7,46,16.233333333333334
769,0022000791,Atlanta Hawks,ATL,4,5:49,5,49,42.18333333333333
770,0022000792,Boston Celtics,BOS,5,3:12,3,12,69.8
771,0022000793,New York Knicks,NYK,5,1:15,1,15,71.75
772,0022000795,New Orleans Pelicans,NOP,3,7:30,7,30,28.5
773,0022000796,Charlotte Hornets,CHA,1,5:31,5,31,6.483333333333333
774,0022000797,Denver Nuggets,DEN,1,11:49,11,49,0.18333333333333335
775,0022000799,LA Clippers,LAC,2,6:01,6,1,17.983333333333334
776,0022000798,Washington Wizards,WAS,4,0:06,0,6,47.9
777,0022000794,Toronto Raptors,TOR,1,10:33,10,33,1.45
778,0022000800,Los Angeles Lakers,LAL,2,1:16,1,16,22.733333333333334
779,0022000199,Philadelphia 76ers,PHI,1,8:19,8,19,3.6833333333333336
780,0022000801,Utah Jazz,UTA,4,5:43,5,43,42.28333333333333
781,0022000803,Phoenix Suns,PHX,2,0:01,0,1,23.983333333333334
782,0022000804,Portland Trail Blazers,POR,1,4:35,4,35,7.416666666666667
783,0022000802,Golden State Warriors,GSW,1,3:29,3,29,8.516666666666667
784,0022000805,Atlanta Hawks,ATL,4,0:58,0,58,47.03333333333333
785,0022000806,Boston Celtics,BOS,4,9:08,9,8,38.86666666666667
786,0022000808,Milwaukee Bucks,MIL,1,8:33,8,33,3.45
787,0022000807,New Orleans Pelicans,NOP,4,2:33,2,33,45.45
788,0022000811,Indiana Pacers,IND,1,9:52,9,52,2.1333333333333333
789,0022000810,San Antonio Spurs,SAS,4,0:01,0,1,47.983333333333334
790,0022000812,Minnesota Timberwolves,MIN,1,7:28,7,28,4.533333333333333
791,0022000809,New York Knicks,NYK,4,4:31,4,31,43.483333333333334
792,0022000814,Miami Heat,MIA,2,5:32,5,32,18.466666666666665
793,0022000813,LA Clippers,LAC,4,5:44,5,44,42.266666666666666
794,0022000815,New York Knicks,NYK,3,9:48,9,48,26.2
795,0022000818,Philadelphia 76ers,PHI,2,10:23,10,23,13.616666666666667
796,0022000816,San Antonio Spurs,SAS,1,4:14,4,14,7.766666666666667
797,0022000278,Memphis Grizzlies,MEM,4,4:39,4,39,43.35
798,0022000819,New Orleans Pelicans,NOP,1,4:37,4,37,7.383333333333333
799,0022000820,Washington Wizards,WAS,3,4:29,4,29,31.516666666666666
800,0022000821,Golden State Warriors,GSW,3,9:17,9,17,26.716666666666665
801,0022000822,Phoenix Suns,PHX,1,3:31,3,31,8.483333333333333
802,0022000817,Brooklyn Nets,BKN,1,9:56,9,56,2.0666666666666664
803,0022000824,Atlanta Hawks,ATL,2,8:29,8,29,15.516666666666667
804,0022000823,LA Clippers,LAC,3,4:54,4,54,31.1
805,0022000825,Los Angeles Lakers,LAL,3,4:11,4,11,31.816666666666666
806,0022000826,Utah Jazz,UTA,2,1:09,1,9,22.85
807,0022000827,Phoenix Suns,PHX,2,3:37,3,37,20.383333333333333
808,0022000828,Boston Celtics,BOS,4,0:40,0,40,47.333333333333336
809,0022000834,Milwaukee Bucks,MIL,1,11:01,11,1,0.9833333333333333
810,0022000829,Cleveland Cavaliers,CLE,3,4:37,4,37,31.383333333333333
811,0022000835,New York Knicks,NYK,3,0:31,0,31,35.483333333333334
812,0022000830,Philadelphia 76ers,PHI,1,1:51,1,51,10.15
813,0022000833,Orlando Magic,ORL,1,4:42,4,42,7.3
814,0022000832,LA Clippers,LAC,4,0:02,0,2,47.96666666666667
815,0022000836,Golden State Warriors,GSW,1,7:28,7,28,4.533333333333333
816,0022000461,Indiana Pacers,IND,1,11:41,11,41,0.31666666666666665
817,0022000838,Denver Nuggets,DEN,2,6:30,6,30,17.5
818,0022000839,Washington Wizards,WAS,1,4:44,4,44,7.266666666666667
819,0022000837,Dallas Mavericks,DAL,4,0:00,0,0,48.0
820,0022000831,Toronto Raptors,TOR,3,0:32,0,32,35.46666666666667
821,0022000841,Golden State Warriors,GSW,2,10:50,10,50,13.166666666666666
822,0022000843,Phoenix Suns,PHX,4,8:20,8,20,39.666666666666664
823,0022000842,Boston Celtics,BOS,1,11:39,11,39,0.35
824,0022000840,Milwaukee Bucks,MIL,3,5:26,5,26,30.566666666666666
825,0022000844,Utah Jazz,UTA,4,7:33,7,33,40.45
826,0022000846,Philadelphia 76ers,PHI,4,3:38,3,38,44.36666666666667
827,0022000845,Detroit Pistons,DET,3,11:23,11,23,24.616666666666667
828,0022000847,Washington Wizards,WAS,5,0:01,0,1,72.98333333333333
829,0022000848,Brooklyn Nets,BKN,3,3:32,3,32,32.46666666666667
830,0022000849,Toronto Raptors,TOR,3,6:22,6,22,29.633333333333333
831,0022000850,Memphis Grizzlies,MEM,3,10:53,10,53,25.116666666666667
832,0022000852,Minnesota Timberwolves,MIN,4,8:19,8,19,39.68333333333333
833,0022000851,Denver Nuggets,DEN,1,9:10,9,10,2.8333333333333335
834,0022000853,Portland Trail Blazers,POR,4,0:22,0,22,47.63333333333333
835,0022000854,New York Knicks,NYK,3,0:41,0,41,35.31666666666667
836,0022000855,Los Angeles Lakers,LAL,5,4:36,4,36,68.4
837,0022000857,Chicago Bulls,CHI,3,8:44,8,44,27.266666666666666
838,0022000856,Washington Wizards,WAS,2,11:46,11,46,12.233333333333333
839,0022000858,Boston Celtics,BOS,4,0:48,0,48,47.2
840,0022000859,Memphis Grizzlies,MEM,1,5:02,5,2,6.966666666666667
841,0022000860,San Antonio Spurs,SAS,1,3:39,3,39,8.35
842,0022000861,Atlanta Hawks,ATL,4,4:17,4,17,43.71666666666667
843,0022000862,New York Knicks,NYK,5,4:37,4,37,68.38333333333334
844,0022000863,Miami Heat,MIA,4,0:00,0,0,48.0
845,0022000362,Charlotte Hornets,CHA,1,8:29,8,29,3.5166666666666666
846,0022000864,Houston Rockets,HOU,3,8:26,8,26,27.566666666666666
847,0022000865,Toronto Raptors,TOR,4,2:27,2,27,45.55
848,0022000866,Sacramento Kings,SAC,2,8:48,8,48,15.2
849,0022000867,LA Clippers,LAC,1,10:06,10,6,1.9
850,0022000869,Chicago Bulls,CHI,4,3:05,3,5,44.916666666666664
851,0022000868,Detroit Pistons,DET,4,0:29,0,29,47.516666666666666
852,0022000871,Miami Heat,MIA,3,7:45,7,45,28.25
853,0022000870,Golden State Warriors,GSW,4,3:33,3,33,44.45
854,0022000872,Washington Wizards,WAS,1,10:49,10,49,1.1833333333333333
855,0022000473,San Antonio Spurs,SAS,1,5:05,5,5,6.916666666666667
856,0022000873,Phoenix Suns,PHX,5,0:00,0,0,73.0
857,0022000874,Denver Nuggets,DEN,6,0:42,0,42,77.3
858,0022000875,Utah Jazz,UTA,1,11:22,11,22,0.6333333333333333
859,0022000877,New York Knicks,NYK,3,9:20,9,20,26.666666666666668
860,0022000876,Atlanta Hawks,ATL,1,0:39,0,39,11.35
861,0022000880,Minnesota Timberwolves,MIN,4,5:39,5,39,42.35
862,0022000878,Brooklyn Nets,BKN,4,10:44,10,44,37.266666666666666
863,0022000879,LA Clippers,LAC,4,0:04,0,4,47.93333333333333
864,0022000884,Toronto Raptors,TOR,3,10:29,10,29,25.516666666666666
865,0022000882,Indiana Pacers,IND,1,1:01,1,1,10.983333333333333
866,0022000881,Cleveland Cavaliers,CLE,1,10:36,10,36,1.4
867,0022000891,Sacramento Kings,SAC,4,0:08,0,8,47.86666666666667
868,0022000883,Phoenix Suns,PHX,4,10:54,10,54,37.1
869,0022000885,Washington Wizards,WAS,4,1:25,1,25,46.583333333333336
870,0022000887,Utah Jazz,UTA,1,11:34,11,34,0.43333333333333335
871,0022000886,New York Knicks,NYK,5,4:47,4,47,68.21666666666667
872,0022000888,Miami Heat,MIA,3,4:00,4,0,32.0
873,0022000442,Dallas Mavericks,DAL,2,3:01,3,1,20.983333333333334
874,0022000890,Denver Nuggets,DEN,4,1:15,1,15,46.75
875,0022000889,LA Clippers,LAC,3,0:58,0,58,35.03333333333333
876,0022000894,Milwaukee Bucks,MIL,1,11:41,11,41,0.31666666666666665
877,0022000896,Chicago Bulls,CHI,1,11:12,11,12,0.8
878,0022000893,New Orleans Pelicans,NOP,2,10:43,10,43,13.283333333333333
879,0022000892,Boston Celtics,BOS,1,1:06,1,6,10.9
880,0022000895,San Antonio Spurs,SAS,2,7:52,7,52,16.133333333333333
881,0022000897,Dallas Mavericks,DAL,3,0:41,0,41,35.31666666666667
882,0022000225,Memphis Grizzlies,MEM,4,1:34,1,34,46.43333333333333
883,0022000898,Atlanta Hawks,ATL,3,4:04,4,4,31.933333333333334
884,0022000903,Golden State Warriors,GSW,1,2:26,2,26,9.566666666666666
885,0022000899,Brooklyn Nets,BKN,2,9:56,9,56,14.066666666666666
886,0022000901,LA Clippers,LAC,4,6:10,6,10,41.833333333333336
887,0022000902,Washington Wizards,WAS,3,11:05,11,5,24.916666666666668
888,0022000900,Charlotte Hornets,CHA,4,6:09,6,9,41.85
889,0022000904,New York Knicks,NYK,3,3:50,3,50,32.166666666666664
890,0022000908,Dallas Mavericks,DAL,4,4:38,4,38,43.36666666666667
891,0022000909,Minnesota Timberwolves,MIN,4,2:31,2,31,45.483333333333334
892,0022000905,Milwaukee Bucks,MIL,1,9:05,9,5,2.9166666666666665
893,0022000906,Indiana Pacers,IND,4,4:06,4,6,43.9
894,0022000907,Miami Heat,MIA,1,11:19,11,19,0.6833333333333333
895,0022000264,San Antonio Spurs,SAS,4,2:04,2,4,45.93333333333333
896,0022000910,Denver Nuggets,DEN,1,9:33,9,33,2.45
897,0022000913,Atlanta Hawks,ATL,4,5:54,5,54,42.1
898,0022000914,Indiana Pacers,IND,2,0:39,0,39,23.35
899,0022000915,Golden State Warriors,GSW,4,1:42,1,42,46.3
900,0022000912,Brooklyn Nets,BKN,3,3:36,3,36,32.4
901,0022000911,Charlotte Hornets,CHA,1,11:05,11,5,0.9166666666666666
902,0022000240,Memphis Grizzlies,MEM,2,8:41,8,41,15.316666666666666
903,0022000197,Washington Wizards,WAS,4,2:11,2,11,45.81666666666667
904,0022000916,Detroit Pistons,DET,1,4:27,4,27,7.55
905,0022000917,Los Angeles Lakers,LAL,4,11:09,11,9,36.85
906,0022000919,San Antonio Spurs,SAS,5,1:09,1,9,71.85
907,0022000921,Toronto Raptors,TOR,3,8:36,8,36,27.4
908,0022000920,Phoenix Suns,PHX,4,8:35,8,35,39.416666666666664
909,0022000922,Chicago Bulls,CHI,4,4:46,4,46,43.233333333333334
910,0022000923,Minnesota Timberwolves,MIN,4,0:04,0,4,47.93333333333333
911,0022000924,New Orleans Pelicans,NOP,1,6:30,6,30,5.5
912,0022000925,Denver Nuggets,DEN,2,4:39,4,39,19.35
913,0022000926,Sacramento Kings,SAC,4,8:44,8,44,39.266666666666666
914,0022000918,Philadelphia 76ers,PHI,1,3:34,3,34,8.433333333333334
915,0022000929,Portland Trail Blazers,POR,2,6:08,6,8,17.866666666666667
916,0022000928,Milwaukee Bucks,MIL,1,6:02,6,2,5.966666666666667
917,0022000927,Oklahoma City Thunder,OKC,4,7:15,7,15,40.75
918,0022000930,Brooklyn Nets,BKN,4,8:15,8,15,39.75
919,0022000931,Minnesota Timberwolves,MIN,4,2:10,2,10,45.833333333333336
920,0022000932,Dallas Mavericks,DAL,1,8:24,8,24,3.6
921,0022000933,Orlando Magic,ORL,4,0:45,0,45,47.25
922,0022000934,Philadelphia 76ers,PHI,1,10:24,10,24,1.6
923,0022000937,New York Knicks,NYK,3,0:16,0,16,35.733333333333334
924,0022000936,Boston Celtics,BOS,1,9:26,9,26,2.5666666666666664
925,0022000935,Washington Wizards,WAS,2,5:10,5,10,18.833333333333332
926,0022000938,Miami Heat,MIA,3,1:58,1,58,34.03333333333333
927,0022000939,Portland Trail Blazers,POR,1,7:39,7,39,4.35
928,0022000940,Denver Nuggets,DEN,1,11:47,11,47,0.21666666666666667
929,0022000941,Phoenix Suns,PHX,1,11:32,11,32,0.4666666666666667
930,0022000942,Utah Jazz,UTA,1,5:56,5,56,6.066666666666666
931,0022000948,Denver Nuggets,DEN,3,1:16,1,16,34.733333333333334
932,0022000944,Brooklyn Nets,BKN,1,4:41,4,41,7.316666666666666
933,0022000943,Dallas Mavericks,DAL,4,2:09,2,9,45.85
934,0022000945,Houston Rockets,HOU,4,4:33,4,33,43.45
935,0022000946,Minnesota Timberwolves,MIN,4,8:21,8,21,39.65
936,0022000947,New Orleans Pelicans,NOP,2,7:17,7,17,16.716666666666665
937,0022000949,Philadelphia 76ers,PHI,2,10:17,10,17,13.716666666666667
938,0022000951,Washington Wizards,WAS,2,5:14,5,14,18.766666666666666
939,0022000952,Portland Trail Blazers,POR,3,8:30,8,30,27.5
940,0022000953,Memphis Grizzlies,MEM,3,5:29,5,29,30.516666666666666
941,0022000950,Boston Celtics,BOS,5,0:16,0,16,72.73333333333333
942,0022000954,Milwaukee Bucks,MIL,1,9:40,9,40,2.3333333333333335
943,0022000955,Phoenix Suns,PHX,1,10:50,10,50,1.1666666666666665
944,0022000956,Sacramento Kings,SAC,4,3:52,3,52,44.13333333333333
945,0022000957,Charlotte Hornets,CHA,2,8:18,8,18,15.7
946,0022000958,Golden State Warriors,GSW,3,7:42,7,42,28.3
947,0022000960,Miami Heat,MIA,2,5:42,5,42,18.3
948,0022000963,Indiana Pacers,IND,1,11:30,11,30,0.5
949,0022000959,Atlanta Hawks,ATL,3,9:16,9,16,26.733333333333334
950,0022000961,Orlando Magic,ORL,4,0:00,0,0,48.0
951,0022000962,New Orleans Pelicans,NOP,5,2:33,2,33,70.45
952,0022000964,Dallas Mavericks,DAL,4,0:09,0,9,47.85
953,0022000965,Utah Jazz,UTA,4,7:24,7,24,40.6
954,0022000966,Denver Nuggets,DEN,3,8:54,8,54,27.1
955,0022000968,Portland Trail Blazers,POR,3,9:24,9,24,26.6
956,0022000972,Phoenix Suns,PHX,2,3:10,3,10,20.833333333333332
957,0022000969,Miami Heat,MIA,1,0:02,0,2,11.966666666666667
958,0022000967,Milwaukee Bucks,MIL,4,7:57,7,57,40.05
959,0022000970,Sacramento Kings,SAC,2,4:13,4,13,19.783333333333335
960,0022000973,Philadelphia 76ers,PHI,5,0:00,0,0,73.0
961,0022000974,Toronto Raptors,TOR,2,4:11,4,11,19.816666666666666
962,0022000971,New York Knicks,NYK,1,5:25,5,25,6.583333333333333
963,0022000977,Golden State Warriors,GSW,1,11:48,11,48,0.19999999999999996
964,0022000978,Atlanta Hawks,ATL,2,6:42,6,42,17.3
965,0022000976,Washington Wizards,WAS,1,8:53,8,53,3.1166666666666667
966,0022000979,Philadelphia 76ers,PHI,1,11:00,11,0,1.0
967,0022000980,New York Knicks,NYK,1,1:07,1,7,10.883333333333333
968,0022000975,Orlando Magic,ORL,3,8:33,8,33,27.45
969,0022000981,Utah Jazz,UTA,1,11:46,11,46,0.23333333333333328
970,0022000982,Los Angeles Lakers,LAL,3,5:22,5,22,30.633333333333333
971,0022000983,Phoenix Suns,PHX,5,4:36,4,36,68.4
972,0022000984,Charlotte Hornets,CHA,2,7:19,7,19,16.683333333333334
973,0022000985,Milwaukee Bucks,MIL,4,7:53,7,53,40.11666666666667
974,0022000986,Dallas Mavericks,DAL,2,2:39,2,39,21.35
975,0022000987,New Orleans Pelicans,NOP,4,0:26,0,26,47.56666666666667
976,0022000988,Sacramento Kings,SAC,2,4:59,4,59,19.016666666666666
977,0022000989,LA Clippers,LAC,4,2:06,2,6,45.9
978,0022000991,Portland Trail Blazers,POR,1,0:00,0,0,12.0
979,0022000992,Atlanta Hawks,ATL,3,11:13,11,13,24.783333333333335
980,0022000993,Sacramento Kings,SAC,2,5:16,5,16,18.733333333333334
981,0022000183,Memphis Grizzlies,MEM,4,2:46,2,46,45.233333333333334
982,0022000990,Boston Celtics,BOS,1,10:16,10,16,1.7333333333333334
983,0022000994,Philadelphia 76ers,PHI,1,2:24,2,24,9.6
984,0022000235,Milwaukee Bucks,MIL,4,2:23,2,23,45.61666666666667
985,0022000996,Utah Jazz,UTA,1,7:49,7,49,4.183333333333334
986,0022000995,Denver Nuggets,DEN,1,11:32,11,32,0.4666666666666667
987,0022000434,Chicago Bulls,CHI,1,11:35,11,35,0.41666666666666663
988,0022000998,Dallas Mavericks,DAL,4,7:32,7,32,40.46666666666667
989,0022001000,Indiana Pacers,IND,1,10:09,10,9,1.85
990,0022000999,Detroit Pistons,DET,2,8:11,8,11,15.816666666666666
991,0022000997,Washington Wizards,WAS,5,4:51,4,51,68.15
992,0022001001,Golden State Warriors,GSW,1,10:29,10,29,1.5166666666666666
993,0022001002,LA Clippers,LAC,1,9:45,9,45,2.25
994,0022001003,Philadelphia 76ers,PHI,4,1:10,1,10,46.833333333333336
995,0022000160,Chicago Bulls,CHI,1,0:07,0,7,11.883333333333333
996,0022001006,Milwaukee Bucks,MIL,2,1:06,1,6,22.9
997,0022001005,Miami Heat,MIA,2,10:34,10,34,13.433333333333334
998,0022001007,Dallas Mavericks,DAL,1,10:01,10,1,1.9833333333333334
999,0022001004,Charlotte Hornets,CHA,3,3:49,3,49,32.18333333333333
1000,0022001008,Utah Jazz,UTA,4,11:22,11,22,36.63333333333333
1001,0022001011,San Antonio Spurs,SAS,4,10:32,10,32,37.46666666666667
1002,0022001009,Phoenix Suns,PHX,4,10:48,10,48,37.2
1003,0022001010,Portland Trail Blazers,POR,3,3:29,3,29,32.516666666666666
1004,0022001013,Philadelphia 76ers,PHI,1,11:27,11,27,0.55
1005,0022001012,Washington Wizards,WAS,5,0:01,0,1,72.98333333333333
1006,0022001014,Memphis Grizzlies,MEM,3,8:53,8,53,27.116666666666667
1007,0022001018,Portland Trail Blazers,POR,2,7:10,7,10,16.833333333333332
1008,0022001016,Utah Jazz,UTA,2,5:29,5,29,18.516666666666666
1009,0022001017,Golden State Warriors,GSW,1,8:12,8,12,3.8
1010,0022001015,Brooklyn Nets,BKN,4,6:12,6,12,41.8
1011,0022000145,Miami Heat,MIA,1,9:43,9,43,2.283333333333333
1012,0022001025,Sacramento Kings,SAC,1,6:43,6,43,5.283333333333333
1013,0022001024,Los Angeles Lakers,LAL,1,11:38,11,38,0.3666666666666667
1014,0022001019,New York Knicks,NYK,3,6:19,6,19,29.683333333333334
1015,0022001021,Dallas Mavericks,DAL,1,10:14,10,14,1.7666666666666666
1016,0022001022,Minnesota Timberwolves,MIN,1,8:29,8,29,3.5166666666666666
1017,0022001020,New Orleans Pelicans,NOP,4,1:42,1,42,46.3
1018,0022001023,Chicago Bulls,CHI,1,10:57,10,57,1.05
1019,0022001027,Indiana Pacers,IND,4,6:09,6,9,41.85
1020,0022001026,Atlanta Hawks,ATL,3,8:17,8,17,27.716666666666665
1021,0022001028,Memphis Grizzlies,MEM,4,9:28,9,28,38.53333333333333
1022,0022001029,San Antonio Spurs,SAS,1,2:43,2,43,9.283333333333333
1023,0022001031,Portland Trail Blazers,POR,1,11:40,11,40,0.33333333333333337
1024,0022001030,Golden State Warriors,GSW,4,0:14,0,14,47.766666666666666
